Date,Open,High,Low,Close,Volume
29-Dec-17,354.00,424.00,354.00,392.00,573100
28-Dec-17,320.00,340.00,320.00,340.00,54900
27-Dec-17,342.00,344.00,318.00,340.00,4000
22-Dec-17,340.00,348.00,322.00,344.00,37500
21-Dec-17,338.00,350.00,338.00,342.00,25100
20-Dec-17,348.00,348.00,320.00,338.00,29600
19-Dec-17,350.00,350.00,350.00,350.00,45200
18-Dec-17,330.00,340.00,330.00,340.00,50200
15-Dec-17,308.00,330.00,308.00,330.00,5400
14-Dec-17,330.00,330.00,324.00,324.00,700
13-Dec-17,310.00,310.00,310.00,310.00,100
12-Dec-17,-,-,-,330.00,0
11-Dec-17,330.00,330.00,330.00,330.00,22500
8-Dec-17,-,-,-,330.00,0
7-Dec-17,326.00,336.00,326.00,330.00,24900
6-Dec-17,328.00,348.00,310.00,314.00,162900
5-Dec-17,360.00,360.00,348.00,348.00,1600
4-Dec-17,358.00,358.00,334.00,348.00,37300
30-Nov-17,348.00,386.00,334.00,350.00,282100
29-Nov-17,330.00,348.00,310.00,348.00,63700
28-Nov-17,370.00,370.00,344.00,344.00,30900
27-Nov-17,340.00,358.00,340.00,358.00,170300
24-Nov-17,360.00,360.00,348.00,360.00,100200
23-Nov-17,350.00,366.00,324.00,354.00,35800
22-Nov-17,342.00,380.00,342.00,370.00,203500
21-Nov-17,350.00,436.00,350.00,374.00,422500
20-Nov-17,360.00,360.00,330.00,350.00,7300
17-Nov-17,358.00,358.00,350.00,350.00,10700
16-Nov-17,360.00,360.00,358.00,358.00,5000
15-Nov-17,368.00,368.00,340.00,342.00,4300
14-Nov-17,358.00,358.00,358.00,358.00,100
13-Nov-17,-,-,-,358.00,0
10-Nov-17,-,-,-,358.00,0
9-Nov-17,-,-,-,358.00,0
8-Nov-17,390.00,390.00,354.00,358.00,2500
7-Nov-17,348.00,374.00,348.00,374.00,13000
6-Nov-17,320.00,348.00,320.00,348.00,31300
3-Nov-17,350.00,350.00,302.00,348.00,29100
2-Nov-17,350.00,350.00,350.00,350.00,10400
1-Nov-17,358.00,388.00,358.00,360.00,1100
31-Oct-17,-,-,-,358.00,0
30-Oct-17,358.00,360.00,358.00,358.00,2700
27-Oct-17,-,-,-,358.00,0
26-Oct-17,350.00,358.00,348.00,358.00,5500
25-Oct-17,360.00,360.00,342.00,342.00,5300
24-Oct-17,354.00,360.00,340.00,350.00,14100
23-Oct-17,354.00,358.00,354.00,358.00,1200
20-Oct-17,352.00,358.00,348.00,358.00,800
19-Oct-17,346.00,356.00,340.00,348.00,7400
18-Oct-17,344.00,358.00,344.00,358.00,11600
17-Oct-17,350.00,350.00,340.00,340.00,1200
16-Oct-17,356.00,356.00,340.00,350.00,15100
13-Oct-17,360.00,360.00,352.00,360.00,3900
12-Oct-17,350.00,356.00,350.00,350.00,49900
11-Oct-17,360.00,368.00,350.00,364.00,67200
10-Oct-17,360.00,364.00,350.00,360.00,30800
9-Oct-17,-,-,-,360.00,0
6-Oct-17,350.00,360.00,350.00,360.00,2700
5-Oct-17,370.00,370.00,350.00,350.00,10500
4-Oct-17,340.00,378.00,330.00,350.00,54600
3-Oct-17,-,-,-,384.00,0
2-Oct-17,374.00,396.00,364.00,384.00,135200
29-Sep-17,364.00,364.00,364.00,364.00,10000
28-Sep-17,364.00,364.00,364.00,364.00,15000
27-Sep-17,386.00,390.00,366.00,384.00,14000
26-Sep-17,344.00,386.00,344.00,386.00,76600
25-Sep-17,380.00,404.00,380.00,390.00,104000
22-Sep-17,376.00,390.00,370.00,380.00,22300
20-Sep-17,412.00,412.00,362.00,374.00,42700
19-Sep-17,364.00,412.00,364.00,412.00,16600
18-Sep-17,440.00,440.00,360.00,412.00,33200
15-Sep-17,442.00,442.00,400.00,400.00,1500
14-Sep-17,432.00,432.00,402.00,402.00,4400
13-Sep-17,440.00,440.00,380.00,404.00,33200
12-Sep-17,446.00,460.00,400.00,408.00,38800
11-Sep-17,470.00,470.00,426.00,426.00,21200
8-Sep-17,448.00,448.00,420.00,424.00,14800
7-Sep-17,450.00,450.00,420.00,448.00,12600
6-Sep-17,452.00,478.00,404.00,434.00,96200
5-Sep-17,464.00,464.00,452.00,452.00,94400
4-Sep-17,470.00,488.00,460.00,462.00,104100
31-Aug-17,470.00,480.00,458.00,458.00,176100
30-Aug-17,484.00,494.00,450.00,470.00,908400
29-Aug-17,420.00,494.00,420.00,480.00,1089300
28-Aug-17,398.00,410.00,388.00,400.00,91400
25-Aug-17,400.00,400.00,380.00,380.00,4100
24-Aug-17,400.00,400.00,400.00,400.00,500
23-Aug-17,362.00,448.00,362.00,438.00,5700
22-Aug-17,-,-,-,360.00,0
21-Aug-17,-,-,-,360.00,0
18-Aug-17,360.00,360.00,360.00,360.00,500
16-Aug-17,-,-,-,358.00,0
15-Aug-17,-,-,-,358.00,0
14-Aug-17,394.00,416.00,358.00,358.00,8800
11-Aug-17,374.00,374.00,374.00,374.00,4400
10-Aug-17,360.00,368.00,360.00,368.00,4500
9-Aug-17,360.00,360.00,360.00,360.00,2000
8-Aug-17,-,-,-,394.00,0
7-Aug-17,394.00,394.00,368.00,394.00,8200
4-Aug-17,-,-,-,394.00,0
3-Aug-17,396.00,396.00,370.00,394.00,2700
2-Aug-17,398.00,398.00,396.00,396.00,300
1-Aug-17,-,-,-,398.00,0
31-Jul-17,398.00,398.00,398.00,398.00,100
28-Jul-17,370.00,370.00,368.00,370.00,53400
27-Jul-17,370.00,398.00,362.00,370.00,12800
26-Jul-17,360.00,420.00,360.00,378.00,15900
25-Jul-17,388.00,398.00,388.00,390.00,6900
24-Jul-17,-,-,-,398.00,0
21-Jul-17,366.00,398.00,362.00,398.00,9400
20-Jul-17,376.00,378.00,376.00,378.00,200
19-Jul-17,-,-,-,378.00,0
18-Jul-17,378.00,378.00,378.00,378.00,3100
17-Jul-17,380.00,380.00,366.00,380.00,14100
14-Jul-17,366.00,388.00,362.00,386.00,15500
13-Jul-17,394.00,394.00,394.00,394.00,100
12-Jul-17,360.00,396.00,360.00,390.00,24000
11-Jul-17,362.00,362.00,362.00,362.00,2900
10-Jul-17,360.00,360.00,360.00,360.00,1000
7-Jul-17,362.00,362.00,362.00,362.00,3100
6-Jul-17,390.00,390.00,362.00,362.00,30900
5-Jul-17,376.00,396.00,376.00,376.00,5100
4-Jul-17,410.00,410.00,360.00,376.00,2500
3-Jul-17,-,-,-,444.00,0
22-Jun-17,416.00,450.00,416.00,444.00,363200
21-Jun-17,390.00,440.00,390.00,416.00,16500
20-Jun-17,390.00,390.00,300.00,390.00,23300
19-Jun-17,390.00,400.00,390.00,400.00,14100
16-Jun-17,-,-,-,400.00,0
15-Jun-17,-,-,-,400.00,0
14-Jun-17,-,-,-,400.00,0
13-Jun-17,380.00,410.00,380.00,400.00,5300
12-Jun-17,380.00,380.00,380.00,380.00,200
9-Jun-17,368.00,400.00,350.00,370.00,9500
8-Jun-17,388.00,388.00,384.00,384.00,1000
7-Jun-17,364.00,398.00,308.00,398.00,39800
6-Jun-17,390.00,410.00,390.00,408.00,2200
5-Jun-17,390.00,390.00,390.00,390.00,1100
2-Jun-17,-,-,-,396.00,0
31-May-17,-,-,-,396.00,0
30-May-17,390.00,396.00,380.00,396.00,1300
29-May-17,390.00,410.00,390.00,408.00,3800
26-May-17,-,-,-,390.00,0
24-May-17,376.00,390.00,376.00,390.00,1100
23-May-17,386.00,386.00,378.00,378.00,200
22-May-17,360.00,370.00,340.00,350.00,28700
19-May-17,384.00,420.00,360.00,360.00,3000
18-May-17,400.00,420.00,350.00,350.00,43500
17-May-17,350.00,366.00,350.00,366.00,2400
16-May-17,380.00,400.00,380.00,390.00,7500
15-May-17,420.00,420.00,400.00,400.00,5100
12-May-17,-,-,-,420.00,0
10-May-17,-,-,-,420.00,0
9-May-17,420.00,420.00,420.00,420.00,100
8-May-17,-,-,-,420.00,0
5-May-17,420.00,420.00,420.00,420.00,100
4-May-17,-,-,-,420.00,0
3-May-17,-,-,-,420.00,0
2-May-17,-,-,-,420.00,0
28-Apr-17,-,-,-,420.00,0
27-Apr-17,-,-,-,420.00,0
26-Apr-17,420.00,420.00,420.00,420.00,100
25-Apr-17,370.00,420.00,370.00,420.00,4800
21-Apr-17,350.00,350.00,350.00,350.00,100
20-Apr-17,-,-,-,420.00,0
18-Apr-17,-,-,-,420.00,0
17-Apr-17,-,-,-,420.00,0
13-Apr-17,-,-,-,420.00,0
12-Apr-17,-,-,-,420.00,0
11-Apr-17,370.00,420.00,370.00,420.00,6300
10-Apr-17,374.00,374.00,374.00,374.00,4600
7-Apr-17,-,-,-,420.00,0
6-Apr-17,420.00,420.00,420.00,420.00,1000
5-Apr-17,-,-,-,438.00,0
4-Apr-17,-,-,-,438.00,0
3-Apr-17,438.00,438.00,438.00,438.00,10000
31-Mar-17,-,-,-,438.00,0
30-Mar-17,-,-,-,438.00,0
29-Mar-17,-,-,-,438.00,0
27-Mar-17,-,-,-,438.00,0
24-Mar-17,-,-,-,438.00,0
23-Mar-17,-,-,-,438.00,0
22-Mar-17,-,-,-,438.00,0
21-Mar-17,-,-,-,438.00,0
20-Mar-17,-,-,-,438.00,0
17-Mar-17,-,-,-,438.00,0
16-Mar-17,-,-,-,438.00,0
15-Mar-17,390.00,440.00,390.00,438.00,13400
14-Mar-17,372.00,372.00,372.00,372.00,100
13-Mar-17,370.00,370.00,370.00,370.00,4600
10-Mar-17,378.00,378.00,374.00,374.00,10200
9-Mar-17,390.00,390.00,390.00,390.00,1500
8-Mar-17,380.00,420.00,380.00,390.00,18300
7-Mar-17,400.00,400.00,390.00,390.00,700
6-Mar-17,380.00,400.00,350.00,370.00,20700
3-Mar-17,-,-,-,400.00,0
2-Mar-17,380.00,400.00,378.00,400.00,34700
1-Mar-17,390.00,390.00,390.00,390.00,5000
28-Feb-17,-,-,-,390.00,0
27-Feb-17,-,-,-,390.00,0
24-Feb-17,390.00,390.00,390.00,390.00,100
23-Feb-17,-,-,-,396.00,0
22-Feb-17,-,-,-,396.00,0
21-Feb-17,396.00,396.00,396.00,396.00,100
20-Feb-17,400.00,400.00,400.00,400.00,100
17-Feb-17,400.00,400.00,400.00,400.00,100
16-Feb-17,400.00,400.00,400.00,400.00,100
14-Feb-17,400.00,400.00,330.00,400.00,25200
13-Feb-17,-,-,-,400.00,0
10-Feb-17,400.00,400.00,400.00,400.00,100
9-Feb-17,350.00,400.00,350.00,400.00,10800
8-Feb-17,-,-,-,400.00,0
7-Feb-17,-,-,-,400.00,0
6-Feb-17,-,-,-,400.00,0
3-Feb-17,-,-,-,400.00,0
2-Feb-17,-,-,-,400.00,0
1-Feb-17,-,-,-,400.00,0
31-Jan-17,330.00,400.00,330.00,400.00,1500
30-Jan-17,400.00,400.00,398.00,398.00,11400
27-Jan-17,-,-,-,330.00,0
26-Jan-17,-,-,-,330.00,0
25-Jan-17,380.00,400.00,320.00,330.00,5400
24-Jan-17,380.00,380.00,380.00,380.00,100
23-Jan-17,408.00,408.00,324.00,400.00,26900
20-Jan-17,-,-,-,408.00,0
19-Jan-17,-,-,-,408.00,0
18-Jan-17,408.00,408.00,408.00,408.00,100
17-Jan-17,-,-,-,408.00,0
16-Jan-17,408.00,408.00,408.00,408.00,100
13-Jan-17,418.00,418.00,390.00,390.00,600
12-Jan-17,400.00,430.00,398.00,398.00,22400
11-Jan-17,422.00,422.00,400.00,400.00,5500
10-Jan-17,338.00,400.00,338.00,350.00,16800
9-Jan-17,440.00,450.00,440.00,450.00,2200
6-Jan-17,-,-,-,440.00,0
5-Jan-17,-,-,-,440.00,0
4-Jan-17,430.00,440.00,430.00,440.00,1100
3-Jan-17,420.00,430.00,420.00,430.00,500
30-Dec-16,424.00,450.00,420.00,420.00,18600
29-Dec-16,-,-,-,424.00,0
28-Dec-16,390.00,424.00,390.00,424.00,496400
27-Dec-16,380.00,400.00,380.00,400.00,5700
23-Dec-16,-,-,-,400.00,0
22-Dec-16,-,-,-,400.00,0
21-Dec-16,-,-,-,400.00,0
20-Dec-16,400.00,400.00,400.00,400.00,1200
19-Dec-16,400.00,400.00,400.00,400.00,200
16-Dec-16,-,-,-,324.00,0
15-Dec-16,324.00,324.00,324.00,324.00,100
14-Dec-16,352.00,360.00,352.00,360.00,1200
13-Dec-16,360.00,360.00,360.00,360.00,4000
9-Dec-16,-,-,-,400.00,0
8-Dec-16,330.00,400.00,330.00,400.00,5700
7-Dec-16,342.00,342.00,342.00,342.00,5000
6-Dec-16,370.00,380.00,340.00,340.00,4200
5-Dec-16,390.00,390.00,372.00,372.00,200
2-Dec-16,362.00,380.00,362.00,376.00,400
1-Dec-16,400.00,400.00,342.00,342.00,10100
30-Nov-16,360.00,380.00,360.00,380.00,200
29-Nov-16,340.00,340.00,340.00,340.00,100
28-Nov-16,340.00,340.00,340.00,340.00,19000
25-Nov-16,-,-,-,374.00,0
24-Nov-16,390.00,390.00,342.00,374.00,14900
23-Nov-16,390.00,390.00,310.00,378.00,300
22-Nov-16,-,-,-,330.00,0
21-Nov-16,-,-,-,330.00,0
18-Nov-16,366.00,366.00,330.00,330.00,17100
17-Nov-16,366.00,366.00,366.00,366.00,20000
16-Nov-16,-,-,-,364.00,0
15-Nov-16,364.00,364.00,364.00,364.00,100
14-Nov-16,366.00,366.00,366.00,366.00,3000
11-Nov-16,-,-,-,368.00,0
10-Nov-16,366.00,368.00,366.00,368.00,41500
9-Nov-16,-,-,-,370.00,0
8-Nov-16,370.00,370.00,370.00,370.00,20000
7-Nov-16,-,-,-,380.00,0
4-Nov-16,-,-,-,380.00,0
3-Nov-16,-,-,-,380.00,0
2-Nov-16,-,-,-,380.00,0
1-Nov-16,380.00,380.00,380.00,380.00,15000
31-Oct-16,366.00,380.00,366.00,380.00,15500
28-Oct-16,368.00,368.00,368.00,368.00,500
27-Oct-16,-,-,-,330.00,0
26-Oct-16,370.00,370.00,330.00,330.00,200
25-Oct-16,362.00,366.00,362.00,366.00,6600
24-Oct-16,-,-,-,358.00,0
21-Oct-16,358.00,358.00,358.00,358.00,100
20-Oct-16,-,-,-,360.00,0
19-Oct-16,-,-,-,360.00,0
18-Oct-16,342.00,360.00,342.00,360.00,200
17-Oct-16,360.00,360.00,330.00,330.00,200
14-Oct-16,370.00,370.00,360.00,360.00,5300
13-Oct-16,400.00,400.00,370.00,370.00,25100
12-Oct-16,320.00,390.00,320.00,324.00,2200
11-Oct-16,400.00,400.00,346.00,346.00,10200
10-Oct-16,342.00,390.00,342.00,380.00,16800
7-Oct-16,350.00,400.00,338.00,338.00,42600
6-Oct-16,300.00,386.00,300.00,370.00,12100
5-Oct-16,310.00,340.00,310.00,310.00,300
4-Oct-16,320.00,350.00,320.00,330.00,800
3-Oct-16,340.00,350.00,340.00,350.00,18100
30-Sep-16,352.00,410.00,352.00,358.00,140700
29-Sep-16,320.00,390.00,320.00,390.00,162400
28-Sep-16,300.00,362.00,300.00,350.00,255500
27-Sep-16,-,-,-,296.00,0
26-Sep-16,300.00,300.00,294.00,296.00,28600
23-Sep-16,-,-,-,284.00,0
22-Sep-16,288.00,298.00,284.00,284.00,3200
21-Sep-16,280.00,298.00,280.00,298.00,200
20-Sep-16,276.00,290.00,276.00,290.00,21000
19-Sep-16,292.00,298.00,292.00,298.00,1000
16-Sep-16,304.00,304.00,288.00,290.00,16400
15-Sep-16,300.00,300.00,300.00,300.00,100
14-Sep-16,282.00,282.00,282.00,282.00,100
13-Sep-16,300.00,300.00,282.00,282.00,94200
9-Sep-16,286.00,288.00,286.00,286.00,18000
8-Sep-16,318.00,320.00,292.00,292.00,40100
7-Sep-16,284.00,320.00,284.00,320.00,12900
6-Sep-16,296.00,298.00,290.00,290.00,74400
5-Sep-16,302.00,302.00,290.00,290.00,15900
2-Sep-16,282.00,304.00,282.00,304.00,2100
1-Sep-16,300.00,300.00,300.00,300.00,15300
31-Aug-16,310.00,310.00,300.00,300.00,2500
30-Aug-16,330.00,332.00,300.00,304.00,101800
29-Aug-16,316.00,350.00,316.00,330.00,6500
26-Aug-16,316.00,316.00,300.00,300.00,3400
25-Aug-16,316.00,318.00,314.00,316.00,8600
24-Aug-16,304.00,318.00,304.00,310.00,45600
23-Aug-16,300.00,300.00,300.00,300.00,5600
22-Aug-16,300.00,302.00,300.00,302.00,7700
19-Aug-16,300.00,300.00,300.00,300.00,10600
18-Aug-16,302.00,302.00,300.00,300.00,2900
16-Aug-16,300.00,300.00,300.00,300.00,400
15-Aug-16,308.00,308.00,308.00,308.00,100
12-Aug-16,316.00,316.00,304.00,308.00,19100
11-Aug-16,300.00,316.00,300.00,312.00,12800
10-Aug-16,302.00,306.00,302.00,304.00,10600
9-Aug-16,318.00,318.00,300.00,308.00,5700
8-Aug-16,300.00,310.00,300.00,310.00,32700
5-Aug-16,304.00,310.00,304.00,304.00,31700
4-Aug-16,306.00,306.00,306.00,306.00,5000
3-Aug-16,308.00,308.00,308.00,308.00,500
2-Aug-16,308.00,308.00,308.00,308.00,500
1-Aug-16,304.00,310.00,300.00,300.00,5800
29-Jul-16,304.00,304.00,304.00,304.00,300
28-Jul-16,304.00,304.00,304.00,304.00,2100
27-Jul-16,-,-,-,306.00,0
26-Jul-16,306.00,306.00,306.00,306.00,100
25-Jul-16,-,-,-,304.00,0
22-Jul-16,304.00,304.00,304.00,304.00,2000
21-Jul-16,304.00,304.00,304.00,304.00,500
20-Jul-16,304.00,304.00,302.00,304.00,1200
19-Jul-16,306.00,306.00,300.00,304.00,82000
18-Jul-16,314.00,314.00,302.00,302.00,1700
15-Jul-16,314.00,316.00,300.00,302.00,17300
14-Jul-16,304.00,314.00,304.00,314.00,27900
13-Jul-16,332.00,332.00,298.00,298.00,245200
12-Jul-16,324.00,336.00,312.00,328.00,38300
11-Jul-16,330.00,336.00,330.00,336.00,700
1-Jul-16,370.00,370.00,340.00,356.00,5600
30-Jun-16,318.00,374.00,316.00,374.00,372300
29-Jun-16,-,-,-,312.00,0
28-Jun-16,312.00,312.00,312.00,312.00,2500
27-Jun-16,-,-,-,320.00,0
24-Jun-16,-,-,-,320.00,0
23-Jun-16,320.00,320.00,320.00,320.00,100
22-Jun-16,320.00,320.00,320.00,320.00,800
21-Jun-16,320.00,322.00,320.00,320.00,16300
20-Jun-16,322.00,322.00,320.00,320.00,3000
17-Jun-16,334.00,334.00,334.00,334.00,400
16-Jun-16,334.00,334.00,334.00,334.00,100
15-Jun-16,-,-,-,346.00,0
14-Jun-16,-,-,-,346.00,0
13-Jun-16,366.00,378.00,346.00,346.00,400
10-Jun-16,310.00,310.00,310.00,310.00,100
9-Jun-16,310.00,310.00,310.00,310.00,200
8-Jun-16,330.00,330.00,310.00,310.00,10500
7-Jun-16,320.00,320.00,310.00,310.00,300
6-Jun-16,316.00,336.00,306.00,318.00,24800
3-Jun-16,336.00,336.00,336.00,336.00,10300
2-Jun-16,320.00,336.00,320.00,336.00,1000
1-Jun-16,340.00,340.00,320.00,334.00,14200
31-May-16,380.00,380.00,350.00,350.00,9800
30-May-16,380.00,380.00,380.00,380.00,100
27-May-16,-,-,-,388.00,0
26-May-16,-,-,-,388.00,0
25-May-16,388.00,388.00,388.00,388.00,100
24-May-16,400.00,400.00,390.00,390.00,200
23-May-16,360.00,360.00,358.00,358.00,200
20-May-16,350.00,350.00,350.00,350.00,300
19-May-16,360.00,360.00,360.00,360.00,100
18-May-16,370.00,370.00,370.00,370.00,100
17-May-16,-,-,-,350.00,0
16-May-16,400.00,400.00,350.00,350.00,1000
13-May-16,376.00,376.00,370.00,370.00,400
12-May-16,380.00,380.00,380.00,380.00,200
11-May-16,-,-,-,400.00,0
10-May-16,440.00,440.00,400.00,400.00,1400
9-May-16,380.00,380.00,360.00,360.00,6100
4-May-16,-,-,-,398.00,0
3-May-16,400.00,400.00,366.00,398.00,4300
2-May-16,-,-,-,405.00,0
29-Apr-16,430.00,430.00,405.00,405.00,15600
28-Apr-16,470.00,470.00,445.00,445.00,2300
27-Apr-16,-,-,-,490.00,0
26-Apr-16,490.00,490.00,490.00,490.00,1000
25-Apr-16,494.00,494.00,494.00,494.00,200
22-Apr-16,-,-,-,494.00,0
21-Apr-16,-,-,-,494.00,0
20-Apr-16,-,-,-,494.00,0
19-Apr-16,-,-,-,494.00,0
18-Apr-16,-,-,-,494.00,0
15-Apr-16,-,-,-,494.00,0
14-Apr-16,-,-,-,494.00,0
13-Apr-16,494.00,494.00,494.00,494.00,10000
12-Apr-16,-,-,-,494.00,0
11-Apr-16,-,-,-,494.00,0
8-Apr-16,-,-,-,494.00,0
7-Apr-16,-,-,-,494.00,0
6-Apr-16,-,-,-,494.00,0
5-Apr-16,494.00,494.00,494.00,494.00,300
4-Apr-16,490.00,490.00,490.00,490.00,100
1-Apr-16,476.00,476.00,476.00,476.00,200
31-Mar-16,-,-,-,470.00,0
30-Mar-16,-,-,-,470.00,0
29-Mar-16,-,-,-,470.00,0
28-Mar-16,-,-,-,470.00,0
24-Mar-16,-,-,-,470.00,0
23-Mar-16,-,-,-,470.00,0
22-Mar-16,-,-,-,470.00,0
21-Mar-16,470.00,470.00,470.00,470.00,200
18-Mar-16,-,-,-,466.00,0
17-Mar-16,-,-,-,466.00,0
16-Mar-16,-,-,-,466.00,0
15-Mar-16,460.00,466.00,460.00,466.00,700
14-Mar-16,460.00,460.00,460.00,460.00,500
11-Mar-16,-,-,-,415.00,0
10-Mar-16,420.00,420.00,415.00,415.00,1200
8-Mar-16,-,-,-,460.00,0
7-Mar-16,-,-,-,460.00,0
4-Mar-16,-,-,-,460.00,0
3-Mar-16,-,-,-,460.00,0
2-Mar-16,-,-,-,460.00,0
1-Mar-16,-,-,-,460.00,0
29-Feb-16,-,-,-,460.00,0
26-Feb-16,-,-,-,460.00,0
25-Feb-16,-,-,-,460.00,0
24-Feb-16,-,-,-,460.00,0
23-Feb-16,-,-,-,460.00,0
22-Feb-16,-,-,-,460.00,0
19-Feb-16,-,-,-,460.00,0
18-Feb-16,-,-,-,460.00,0
17-Feb-16,-,-,-,460.00,0
16-Feb-16,-,-,-,460.00,0
15-Feb-16,-,-,-,460.00,0
12-Feb-16,460.00,460.00,460.00,460.00,200
11-Feb-16,-,-,-,452.00,0
10-Feb-16,-,-,-,452.00,0
9-Feb-16,-,-,-,452.00,0
5-Feb-16,-,-,-,452.00,0
4-Feb-16,-,-,-,452.00,0
3-Feb-16,-,-,-,452.00,0
2-Feb-16,-,-,-,452.00,0
1-Feb-16,-,-,-,452.00,0
29-Jan-16,-,-,-,452.00,0
28-Jan-16,-,-,-,452.00,0
27-Jan-16,452.00,452.00,452.00,452.00,200
26-Jan-16,-,-,-,440.00,0
25-Jan-16,-,-,-,440.00,0
22-Jan-16,-,-,-,440.00,0
21-Jan-16,-,-,-,440.00,0
20-Jan-16,-,-,-,440.00,0
19-Jan-16,440.00,440.00,440.00,440.00,200
18-Jan-16,-,-,-,430.00,0
15-Jan-16,430.00,430.00,430.00,430.00,200
14-Jan-16,420.00,420.00,420.00,420.00,100
13-Jan-16,-,-,-,400.00,0
12-Jan-16,-,-,-,400.00,0
11-Jan-16,400.00,400.00,400.00,400.00,100
8-Jan-16,-,-,-,405.00,0
7-Jan-16,405.00,405.00,405.00,405.00,100
6-Jan-16,405.00,405.00,380.00,380.00,700
5-Jan-16,-,-,-,400.00,0
4-Jan-16,-,-,-,400.00,0
30-Dec-15,380.00,400.00,370.00,400.00,200800
29-Dec-15,400.00,410.00,370.00,410.00,89100
28-Dec-15,360.00,410.00,360.00,410.00,914400
23-Dec-15,-,-,-,360.00,0
22-Dec-15,-,-,-,360.00,0
21-Dec-15,-,-,-,360.00,0
18-Dec-15,-,-,-,360.00,0
17-Dec-15,-,-,-,360.00,0
16-Dec-15,-,-,-,360.00,0
15-Dec-15,-,-,-,360.00,0
14-Dec-15,-,-,-,360.00,0
11-Dec-15,-,-,-,360.00,0
10-Dec-15,-,-,-,360.00,0
8-Dec-15,-,-,-,360.00,0
7-Dec-15,-,-,-,360.00,0
4-Dec-15,-,-,-,360.00,0
3-Dec-15,-,-,-,360.00,0
2-Dec-15,-,-,-,360.00,0
1-Dec-15,-,-,-,360.00,0
30-Nov-15,-,-,-,360.00,0
27-Nov-15,-,-,-,360.00,0
26-Nov-15,-,-,-,360.00,0
25-Nov-15,-,-,-,360.00,0
24-Nov-15,-,-,-,360.00,0
23-Nov-15,-,-,-,360.00,0
20-Nov-15,-,-,-,360.00,0
19-Nov-15,-,-,-,360.00,0
18-Nov-15,-,-,-,360.00,0
17-Nov-15,-,-,-,360.00,0
16-Nov-15,-,-,-,360.00,0
13-Nov-15,-,-,-,360.00,0
12-Nov-15,-,-,-,360.00,0
11-Nov-15,-,-,-,360.00,0
10-Nov-15,-,-,-,360.00,0
9-Nov-15,-,-,-,360.00,0
6-Nov-15,-,-,-,360.00,0
5-Nov-15,-,-,-,360.00,0
4-Nov-15,-,-,-,360.00,0
3-Nov-15,-,-,-,360.00,0
2-Nov-15,-,-,-,360.00,0
30-Oct-15,-,-,-,360.00,0
29-Oct-15,-,-,-,360.00,0
28-Oct-15,-,-,-,360.00,0
27-Oct-15,-,-,-,360.00,0
26-Oct-15,-,-,-,360.00,0
23-Oct-15,-,-,-,360.00,0
22-Oct-15,-,-,-,360.00,0
21-Oct-15,-,-,-,360.00,0
20-Oct-15,-,-,-,360.00,0
19-Oct-15,-,-,-,360.00,0
16-Oct-15,-,-,-,360.00,0
15-Oct-15,360.00,360.00,360.00,360.00,100
13-Oct-15,-,-,-,330.00,0
12-Oct-15,-,-,-,330.00,0
9-Oct-15,-,-,-,330.00,0
8-Oct-15,-,-,-,330.00,0
7-Oct-15,-,-,-,330.00,0
6-Oct-15,360.00,360.00,330.00,330.00,200
5-Oct-15,-,-,-,350.00,0
2-Oct-15,-,-,-,350.00,0
1-Oct-15,-,-,-,350.00,0
30-Sep-15,350.00,350.00,350.00,350.00,400
29-Sep-15,-,-,-,360.00,0
28-Sep-15,-,-,-,360.00,0
25-Sep-15,-,-,-,360.00,0
23-Sep-15,-,-,-,360.00,0
22-Sep-15,-,-,-,360.00,0
21-Sep-15,-,-,-,360.00,0
18-Sep-15,-,-,-,360.00,0
17-Sep-15,-,-,-,360.00,0
16-Sep-15,-,-,-,360.00,0
15-Sep-15,-,-,-,360.00,0
14-Sep-15,-,-,-,360.00,0
11-Sep-15,-,-,-,360.00,0
10-Sep-15,360.00,360.00,360.00,360.00,100
9-Sep-15,-,-,-,326.00,0
8-Sep-15,300.00,300.00,300.00,300.00,0
7-Sep-15,360.00,360.00,326.00,326.00,5500
4-Sep-15,-,-,-,326.00,0
3-Sep-15,-,-,-,326.00,0
2-Sep-15,-,-,-,326.00,0
1-Sep-15,326.00,326.00,326.00,326.00,35000
31-Aug-15,325.00,325.00,325.00,325.00,0
28-Aug-15,-,-,-,360.00,0
27-Aug-15,-,-,-,360.00,0
26-Aug-15,-,-,-,360.00,0
25-Aug-15,-,-,-,360.00,0
24-Aug-15,-,-,-,360.00,0
21-Aug-15,285.00,285.00,285.00,285.00,0
20-Aug-15,320.00,320.00,320.00,320.00,0
19-Aug-15,360.00,360.00,360.00,360.00,100
18-Aug-15,280.00,280.00,280.00,280.00,0
14-Aug-15,280.00,280.00,280.00,280.00,0
13-Aug-15,346.00,346.00,346.00,346.00,100
12-Aug-15,270.00,270.00,270.00,270.00,0
11-Aug-15,270.00,270.00,270.00,270.00,0
10-Aug-15,326.00,326.00,326.00,326.00,200
7-Aug-15,-,-,-,380.00,0
6-Aug-15,380.00,380.00,380.00,380.00,3000
5-Aug-15,290.00,290.00,290.00,290.00,0
4-Aug-15,-,-,-,380.00,0
3-Aug-15,370.00,380.00,370.00,380.00,300
31-Jul-15,280.00,280.00,280.00,280.00,0
30-Jul-15,280.00,280.00,280.00,280.00,0
29-Jul-15,370.00,370.00,370.00,370.00,200
28-Jul-15,280.00,280.00,280.00,280.00,0
27-Jul-15,365.00,365.00,365.00,365.00,100
24-Jul-15,295.00,295.00,295.00,295.00,0
23-Jul-15,345.00,345.00,326.00,345.00,100400
22-Jul-15,280.00,280.00,280.00,280.00,0
15-Jul-15,345.00,345.00,345.00,345.00,100
14-Jul-15,364.00,364.00,340.00,340.00,17200
13-Jul-15,350.00,364.00,350.00,364.00,200
10-Jul-15,348.00,348.00,348.00,348.00,200
9-Jul-15,-,-,-,326.00,0
8-Jul-15,326.00,326.00,326.00,326.00,9800
7-Jul-15,326.00,326.00,326.00,326.00,100
6-Jul-15,281.00,281.00,281.00,281.00,0
3-Jul-15,326.00,330.00,326.00,330.00,600
2-Jul-15,280.00,280.00,280.00,280.00,0
1-Jul-15,280.00,280.00,280.00,280.00,0
30-Jun-15,331.00,331.00,328.00,328.00,700
29-Jun-15,280.00,280.00,280.00,280.00,0
26-Jun-15,280.00,280.00,280.00,280.00,0
25-Jun-15,307.00,350.00,307.00,350.00,2600
24-Jun-15,340.00,349.00,327.00,327.00,400
23-Jun-15,380.00,380.00,328.00,328.00,200
22-Jun-15,352.00,352.00,320.00,320.00,1700
19-Jun-15,357.00,357.00,328.00,328.00,200
18-Jun-15,320.00,320.00,320.00,320.00,0
17-Jun-15,300.00,300.00,300.00,300.00,0
16-Jun-15,358.00,358.00,320.00,320.00,1100
15-Jun-15,359.00,359.00,320.00,320.00,300
12-Jun-15,320.00,320.00,320.00,320.00,0
11-Jun-15,320.00,328.00,320.00,328.00,900
10-Jun-15,325.00,328.00,325.00,328.00,16800
9-Jun-15,320.00,320.00,320.00,320.00,0
8-Jun-15,349.00,375.00,349.00,375.00,600
5-Jun-15,325.00,370.00,325.00,370.00,2800
4-Jun-15,325.00,325.00,320.00,320.00,1200
3-Jun-15,320.00,320.00,320.00,320.00,100
1-Jun-15,328.00,328.00,328.00,328.00,200
29-May-15,328.00,328.00,328.00,328.00,200
28-May-15,359.00,359.00,359.00,359.00,100
27-May-15,350.00,350.00,350.00,350.00,200
26-May-15,320.00,328.00,320.00,328.00,500
25-May-15,320.00,320.00,320.00,320.00,0
22-May-15,320.00,320.00,320.00,320.00,0
21-May-15,320.00,320.00,320.00,320.00,0
20-May-15,320.00,320.00,320.00,320.00,0
19-May-15,320.00,320.00,320.00,320.00,0
18-May-15,320.00,320.00,320.00,320.00,0
15-May-15,320.00,320.00,320.00,320.00,0
13-May-15,350.00,350.00,350.00,350.00,200
12-May-15,280.00,280.00,280.00,280.00,0
11-May-15,320.00,320.00,320.00,320.00,0
8-May-15,320.00,320.00,320.00,320.00,0
7-May-15,320.00,320.00,320.00,320.00,0
6-May-15,320.00,320.00,320.00,320.00,0
5-May-15,280.00,280.00,280.00,280.00,0
4-May-15,280.00,280.00,280.00,280.00,0
30-Apr-15,320.00,320.00,320.00,320.00,0
29-Apr-15,290.00,290.00,290.00,290.00,0
28-Apr-15,348.00,348.00,348.00,348.00,200
27-Apr-15,280.00,280.00,280.00,280.00,0
24-Apr-15,319.00,320.00,315.00,320.00,14100
23-Apr-15,280.00,300.00,280.00,291.00,14100
22-Apr-15,320.00,320.00,320.00,320.00,20000
21-Apr-15,320.00,320.00,320.00,320.00,5000
20-Apr-15,320.00,320.00,320.00,320.00,0
17-Apr-15,338.00,338.00,338.00,338.00,200
16-Apr-15,280.00,280.00,280.00,280.00,0
15-Apr-15,320.00,320.00,320.00,320.00,5000
14-Apr-15,320.00,320.00,320.00,320.00,0
13-Apr-15,280.00,280.00,280.00,280.00,0
10-Apr-15,320.00,320.00,320.00,320.00,0
9-Apr-15,320.00,320.00,320.00,320.00,0
8-Apr-15,320.00,320.00,320.00,320.00,0
7-Apr-15,338.00,338.00,338.00,338.00,100
6-Apr-15,336.00,336.00,336.00,336.00,100
2-Apr-15,336.00,336.00,336.00,336.00,200
1-Apr-15,320.00,320.00,320.00,320.00,0
31-Mar-15,320.00,320.00,320.00,320.00,0
30-Mar-15,320.00,320.00,320.00,320.00,0
27-Mar-15,338.00,338.00,338.00,338.00,100
26-Mar-15,320.00,320.00,320.00,320.00,0
25-Mar-15,335.00,335.00,335.00,335.00,100
24-Mar-15,320.00,320.00,320.00,320.00,0
23-Mar-15,320.00,320.00,320.00,320.00,0
20-Mar-15,280.00,280.00,280.00,280.00,0
19-Mar-15,335.00,336.00,335.00,336.00,19800
18-Mar-15,320.00,335.00,320.00,335.00,6600
17-Mar-15,330.00,330.00,320.00,320.00,1100
16-Mar-15,337.00,337.00,337.00,337.00,100
13-Mar-15,320.00,320.00,320.00,320.00,0
12-Mar-15,280.00,335.00,280.00,335.00,10100
11-Mar-15,280.00,280.00,280.00,280.00,0
9-Mar-15,320.00,320.00,320.00,320.00,0
6-Mar-15,336.00,336.00,330.00,336.00,1100
5-Mar-15,280.00,280.00,280.00,280.00,0
4-Mar-15,320.00,320.00,320.00,320.00,0
3-Mar-15,280.00,280.00,280.00,280.00,0
2-Mar-15,300.00,300.00,300.00,300.00,0
27-Feb-15,280.00,280.00,280.00,280.00,0
26-Feb-15,280.00,280.00,280.00,280.00,0
25-Feb-15,280.00,280.00,280.00,280.00,0
24-Feb-15,280.00,280.00,280.00,280.00,0
23-Feb-15,280.00,280.00,280.00,280.00,0
20-Feb-15,280.00,280.00,280.00,280.00,0
18-Feb-15,280.00,280.00,280.00,280.00,0
17-Feb-15,280.00,280.00,280.00,280.00,0
16-Feb-15,280.00,280.00,280.00,280.00,0
12-Feb-15,280.00,280.00,280.00,280.00,0
11-Feb-15,300.00,300.00,300.00,300.00,0
10-Feb-15,338.00,338.00,338.00,338.00,100
9-Feb-15,390.00,390.00,335.00,338.00,20100
6-Feb-15,300.00,300.00,300.00,300.00,0
5-Feb-15,300.00,300.00,300.00,300.00,0
2-Feb-15,320.00,320.00,320.00,320.00,0
29-Jan-15,330.00,330.00,330.00,330.00,0
27-Jan-15,300.00,300.00,300.00,300.00,0
22-Jan-15,360.00,360.00,360.00,360.00,0
19-Jan-15,350.00,390.00,350.00,390.00,700
16-Jan-15,339.00,341.00,339.00,340.00,103100
15-Jan-15,337.00,339.00,337.00,339.00,44500
14-Jan-15,280.00,280.00,280.00,280.00,0
13-Jan-15,280.00,280.00,280.00,280.00,0
12-Jan-15,280.00,280.00,280.00,280.00,0
9-Jan-15,255.00,255.00,255.00,255.00,0
8-Jan-15,280.00,280.00,280.00,280.00,0
7-Jan-15,281.00,281.00,281.00,281.00,0
6-Jan-15,280.00,280.00,280.00,280.00,0
5-Jan-15,300.00,300.00,300.00,300.00,0
2-Jan-15,300.00,300.00,300.00,300.00,0
30-Dec-14,322.00,338.00,322.00,338.00,318500
29-Dec-14,322.00,322.00,320.00,320.00,43300
24-Dec-14,340.00,340.00,320.00,322.00,116000
23-Dec-14,322.00,400.00,322.00,340.00,284600
22-Dec-14,320.00,320.00,320.00,320.00,0
19-Dec-14,322.00,322.00,322.00,322.00,31000
18-Dec-14,320.00,322.00,320.00,322.00,16700
17-Dec-14,360.00,380.00,320.00,320.00,523200
16-Dec-14,280.00,280.00,280.00,280.00,0
15-Dec-14,315.00,315.00,315.00,315.00,0
12-Dec-14,350.00,359.00,340.00,340.00,300
11-Dec-14,320.00,320.00,320.00,320.00,0
10-Dec-14,325.00,359.00,325.00,330.00,120300
9-Dec-14,280.00,280.00,280.00,280.00,0
8-Dec-14,300.00,300.00,300.00,300.00,0
5-Dec-14,300.00,300.00,300.00,300.00,0
4-Dec-14,330.00,340.00,330.00,340.00,69900
3-Dec-14,334.00,339.00,334.00,339.00,71200
2-Dec-14,320.00,320.00,320.00,320.00,0
1-Dec-14,320.00,320.00,320.00,320.00,0
28-Nov-14,333.00,349.00,330.00,335.00,18400
27-Nov-14,280.00,280.00,280.00,280.00,0
26-Nov-14,290.00,290.00,290.00,290.00,0
25-Nov-14,280.00,280.00,280.00,280.00,0
24-Nov-14,290.00,290.00,290.00,290.00,0
21-Nov-14,335.00,335.00,335.00,335.00,100
20-Nov-14,322.00,399.00,320.00,320.00,235400
19-Nov-14,330.00,345.00,320.00,320.00,18400
18-Nov-14,330.00,330.00,330.00,330.00,1100
17-Nov-14,335.00,341.00,330.00,330.00,19700
14-Nov-14,365.00,410.00,335.00,335.00,99300
13-Nov-14,375.00,380.00,375.00,380.00,6200
12-Nov-14,335.00,380.00,335.00,380.00,21000
11-Nov-14,340.00,400.00,320.00,335.00,419000
10-Nov-14,340.00,419.00,323.00,419.00,11200
7-Nov-14,349.00,430.00,349.00,430.00,93100
6-Nov-14,348.00,348.00,348.00,348.00,100
5-Nov-14,348.00,348.00,335.00,335.00,400
4-Nov-14,349.00,349.00,320.00,320.00,21700
3-Nov-14,285.00,285.00,285.00,285.00,0
31-Oct-14,350.00,350.00,320.00,320.00,2500
30-Oct-14,330.00,335.00,320.00,320.00,21500
29-Oct-14,320.00,347.00,320.00,347.00,19000
28-Oct-14,320.00,320.00,320.00,320.00,0
27-Oct-14,320.00,320.00,320.00,320.00,0
24-Oct-14,350.00,350.00,350.00,350.00,100
23-Oct-14,349.00,349.00,345.00,345.00,200
22-Oct-14,340.00,348.00,340.00,348.00,200
21-Oct-14,320.00,320.00,320.00,320.00,0
20-Oct-14,320.00,320.00,320.00,320.00,0
17-Oct-14,320.00,320.00,320.00,320.00,0
16-Oct-14,320.00,320.00,320.00,320.00,0
15-Oct-14,320.00,320.00,320.00,320.00,0
14-Oct-14,320.00,320.00,320.00,320.00,0
13-Oct-14,320.00,320.00,320.00,320.00,0
10-Oct-14,320.00,320.00,320.00,320.00,0
9-Oct-14,350.00,350.00,350.00,350.00,100
8-Oct-14,320.00,320.00,320.00,320.00,0
7-Oct-14,320.00,320.00,320.00,320.00,0
6-Oct-14,320.00,320.00,320.00,320.00,0
3-Oct-14,350.00,350.00,350.00,350.00,100
2-Oct-14,340.00,346.00,332.00,334.00,41100
1-Oct-14,321.00,321.00,321.00,321.00,0
30-Sep-14,350.00,350.00,350.00,350.00,1200
29-Sep-14,287.00,287.00,287.00,287.00,0
26-Sep-14,310.00,310.00,310.00,310.00,0
25-Sep-14,340.00,340.00,320.00,340.00,700
24-Sep-14,320.00,335.00,320.00,335.00,3100
23-Sep-14,345.00,345.00,320.00,345.00,1200
22-Sep-14,340.00,350.00,340.00,350.00,200
19-Sep-14,350.00,350.00,350.00,350.00,100
18-Sep-14,350.00,350.00,340.00,340.00,200
17-Sep-14,320.00,330.00,320.00,330.00,2100
16-Sep-14,321.00,321.00,321.00,321.00,0
15-Sep-14,350.00,350.00,350.00,350.00,100
12-Sep-14,349.00,349.00,349.00,349.00,100
11-Sep-14,348.00,348.00,348.00,348.00,100
10-Sep-14,321.00,321.00,321.00,321.00,0
9-Sep-14,345.00,345.00,345.00,345.00,100
8-Sep-14,350.00,350.00,345.00,345.00,32700
5-Sep-14,345.00,345.00,345.00,345.00,100
4-Sep-14,344.00,345.00,322.00,322.00,1500
3-Sep-14,340.00,340.00,340.00,340.00,100
2-Sep-14,320.00,345.00,320.00,340.00,7800
1-Sep-14,296.00,296.00,296.00,296.00,0
29-Aug-14,320.00,320.00,320.00,320.00,0
28-Aug-14,297.00,297.00,297.00,297.00,0
27-Aug-14,340.00,345.00,340.00,345.00,8500
26-Aug-14,334.00,335.00,334.00,335.00,900
25-Aug-14,332.00,332.00,332.00,332.00,49900
22-Aug-14,300.00,300.00,300.00,300.00,0
21-Aug-14,332.00,332.00,332.00,332.00,100
20-Aug-14,297.00,297.00,297.00,297.00,0
19-Aug-14,300.00,300.00,300.00,300.00,0
18-Aug-14,343.00,345.00,343.00,345.00,200
15-Aug-14,285.00,285.00,285.00,285.00,0
14-Aug-14,295.00,295.00,295.00,295.00,0
13-Aug-14,295.00,295.00,295.00,295.00,0
12-Aug-14,295.00,343.00,295.00,343.00,200
11-Aug-14,340.00,345.00,340.00,345.00,16700
8-Aug-14,300.00,300.00,300.00,300.00,0
7-Aug-14,295.00,295.00,295.00,295.00,0
6-Aug-14,300.00,300.00,300.00,300.00,0
5-Aug-14,295.00,295.00,295.00,295.00,0
4-Aug-14,295.00,295.00,295.00,295.00,0
25-Jul-14,295.00,295.00,295.00,295.00,0
24-Jul-14,295.00,295.00,295.00,295.00,0
23-Jul-14,296.00,296.00,296.00,296.00,0
22-Jul-14,281.00,281.00,281.00,281.00,0
21-Jul-14,340.00,340.00,340.00,340.00,1000
18-Jul-14,261.00,261.00,261.00,261.00,0
17-Jul-14,340.00,340.00,340.00,340.00,600
16-Jul-14,275.00,275.00,275.00,275.00,0
15-Jul-14,287.00,287.00,287.00,287.00,0
14-Jul-14,345.00,350.00,345.00,350.00,4000
11-Jul-14,280.00,280.00,280.00,280.00,0
10-Jul-14,281.00,281.00,281.00,281.00,0
8-Jul-14,280.00,280.00,280.00,280.00,0
7-Jul-14,345.00,350.00,345.00,350.00,1000
4-Jul-14,325.00,325.00,325.00,325.00,500
3-Jul-14,314.00,319.00,314.00,319.00,71000
2-Jul-14,299.00,314.00,299.00,313.00,4400
1-Jul-14,300.00,300.00,297.00,298.00,2600
30-Jun-14,298.00,299.00,280.00,280.00,15300
27-Jun-14,286.00,286.00,286.00,286.00,0
26-Jun-14,285.00,285.00,285.00,285.00,0
25-Jun-14,281.00,281.00,281.00,281.00,0
24-Jun-14,299.00,299.00,295.00,299.00,41800
23-Jun-14,271.00,299.00,271.00,299.00,10100
20-Jun-14,285.00,285.00,285.00,285.00,0
19-Jun-14,282.00,282.00,282.00,282.00,0
18-Jun-14,282.00,282.00,282.00,282.00,0
17-Jun-14,282.00,282.00,282.00,282.00,0
16-Jun-14,299.00,299.00,299.00,299.00,100
13-Jun-14,297.00,297.00,297.00,297.00,1000
12-Jun-14,282.00,298.00,282.00,298.00,700
11-Jun-14,285.00,285.00,285.00,285.00,0
10-Jun-14,300.00,300.00,300.00,300.00,100
9-Jun-14,281.00,281.00,281.00,281.00,1000
6-Jun-14,285.00,285.00,285.00,285.00,0
5-Jun-14,286.00,286.00,286.00,286.00,0
4-Jun-14,285.00,285.00,285.00,285.00,0
3-Jun-14,285.00,299.00,285.00,299.00,6600
2-Jun-14,281.00,281.00,281.00,281.00,0
30-May-14,286.00,286.00,286.00,286.00,0
28-May-14,286.00,286.00,286.00,286.00,0
26-May-14,285.00,300.00,285.00,300.00,600
23-May-14,285.00,285.00,285.00,285.00,0
22-May-14,295.00,295.00,295.00,295.00,100
21-May-14,300.00,300.00,300.00,300.00,100
20-May-14,282.00,282.00,282.00,282.00,0
19-May-14,282.00,282.00,282.00,282.00,0
16-May-14,285.00,285.00,285.00,285.00,0
14-May-14,300.00,300.00,300.00,300.00,10500
13-May-14,281.00,281.00,281.00,281.00,0
12-May-14,300.00,300.00,281.00,281.00,300
9-May-14,285.00,287.00,285.00,285.00,61200
8-May-14,285.00,285.00,285.00,285.00,200
7-May-14,285.00,285.00,285.00,285.00,100
6-May-14,290.00,290.00,290.00,290.00,2500
5-May-14,290.00,315.00,290.00,290.00,500
2-May-14,285.00,285.00,285.00,285.00,0
30-Apr-14,315.00,319.00,315.00,319.00,28000
29-Apr-14,286.00,286.00,286.00,286.00,0
28-Apr-14,286.00,286.00,286.00,286.00,0
25-Apr-14,286.00,286.00,286.00,286.00,0
24-Apr-14,288.00,288.00,288.00,288.00,0
23-Apr-14,286.00,310.00,285.00,310.00,2200
22-Apr-14,312.00,314.00,312.00,314.00,1100
21-Apr-14,281.00,320.00,280.00,282.00,155900
17-Apr-14,300.00,310.00,300.00,310.00,2500
16-Apr-14,315.00,315.00,310.00,315.00,22600
15-Apr-14,319.00,320.00,319.00,320.00,101000
14-Apr-14,319.00,319.00,319.00,319.00,16500
11-Apr-14,290.00,290.00,290.00,290.00,0
10-Apr-14,320.00,320.00,320.00,320.00,9000
8-Apr-14,286.00,286.00,286.00,286.00,0
7-Apr-14,320.00,320.00,320.00,320.00,100
4-Apr-14,281.00,320.00,281.00,305.00,9800
3-Apr-14,285.00,285.00,285.00,285.00,0
2-Apr-14,288.00,288.00,288.00,288.00,0
1-Apr-14,286.00,286.00,286.00,286.00,0
28-Mar-14,310.00,320.00,310.00,320.00,512800
27-Mar-14,310.00,320.00,310.00,320.00,624100
26-Mar-14,280.00,280.00,280.00,280.00,100
25-Mar-14,310.00,320.00,310.00,320.00,633100
24-Mar-14,272.00,272.00,272.00,272.00,0
21-Mar-14,282.00,282.00,282.00,282.00,0
20-Mar-14,281.00,310.00,281.00,310.00,600
19-Mar-14,284.00,284.00,284.00,284.00,0
18-Mar-14,280.00,310.00,280.00,310.00,600
17-Mar-14,290.00,315.00,290.00,315.00,89600
14-Mar-14,280.00,310.00,280.00,310.00,500
13-Mar-14,285.00,285.00,285.00,285.00,0
12-Mar-14,310.00,315.00,310.00,315.00,122900
11-Mar-14,310.00,310.00,306.00,310.00,1100
10-Mar-14,289.00,289.00,280.00,280.00,16000
7-Mar-14,288.00,288.00,288.00,288.00,0
6-Mar-14,287.00,287.00,287.00,287.00,0
5-Mar-14,286.00,286.00,286.00,286.00,0
4-Mar-14,282.00,282.00,282.00,282.00,0
3-Mar-14,310.00,327.00,310.00,315.00,11816800
28-Feb-14,310.00,325.00,310.00,315.00,2699700
27-Feb-14,310.00,318.00,310.00,318.00,245700
26-Feb-14,286.00,286.00,286.00,286.00,0
25-Feb-14,279.00,279.00,279.00,279.00,0
24-Feb-14,281.00,281.00,281.00,281.00,0
21-Feb-14,314.00,320.00,314.00,320.00,8300
20-Feb-14,310.00,310.00,310.00,310.00,100
19-Feb-14,276.00,308.00,276.00,308.00,12000
18-Feb-14,271.00,309.00,265.00,309.00,162800
17-Feb-14,300.00,305.00,300.00,305.00,8600
14-Feb-14,303.00,303.00,303.00,303.00,100
13-Feb-14,275.00,275.00,275.00,275.00,14500
12-Feb-14,280.00,280.00,280.00,280.00,0
11-Feb-14,280.00,280.00,280.00,280.00,0
10-Feb-14,300.00,305.00,300.00,305.00,300
7-Feb-14,305.00,305.00,305.00,305.00,5000
6-Feb-14,284.00,305.00,284.00,305.00,1300
5-Feb-14,285.00,285.00,285.00,285.00,0
4-Feb-14,305.00,305.00,305.00,305.00,100
3-Feb-14,286.00,305.00,286.00,290.00,2600
30-Jan-14,286.00,309.00,283.00,283.00,2600
29-Jan-14,305.00,305.00,266.00,266.00,300
28-Jan-14,275.00,275.00,260.00,260.00,200
27-Jan-14,300.00,300.00,300.00,300.00,100
24-Jan-14,270.00,270.00,270.00,270.00,0
23-Jan-14,280.00,280.00,280.00,280.00,0
22-Jan-14,285.00,285.00,285.00,285.00,0
21-Jan-14,281.00,281.00,281.00,281.00,0
20-Jan-14,281.00,281.00,281.00,281.00,0
17-Jan-14,280.00,280.00,280.00,280.00,0
16-Jan-14,281.00,281.00,281.00,281.00,0
15-Jan-14,280.00,280.00,280.00,280.00,0
13-Jan-14,281.00,281.00,281.00,281.00,0
10-Jan-14,280.00,280.00,280.00,280.00,0
9-Jan-14,285.00,285.00,280.00,280.00,5000
8-Jan-14,281.00,281.00,281.00,281.00,0
7-Jan-14,285.00,285.00,285.00,285.00,4900
6-Jan-14,285.00,285.00,285.00,285.00,0
3-Jan-14,285.00,285.00,285.00,285.00,0
2-Jan-14,285.00,285.00,285.00,285.00,0
30-Dec-13,285.00,285.00,285.00,285.00,0
27-Dec-13,285.00,285.00,285.00,285.00,0
24-Dec-13,295.00,295.00,285.00,285.00,1000
23-Dec-13,310.00,310.00,300.00,300.00,185500
20-Dec-13,310.00,310.00,305.00,305.00,33500
19-Dec-13,285.00,285.00,285.00,285.00,0
18-Dec-13,310.00,310.00,310.00,310.00,12500
17-Dec-13,310.00,310.00,310.00,310.00,0
16-Dec-13,310.00,310.00,310.00,310.00,0
13-Dec-13,310.00,310.00,310.00,310.00,0
12-Dec-13,310.00,315.00,310.00,315.00,280000
11-Dec-13,310.00,310.00,310.00,310.00,165000
10-Dec-13,315.00,320.00,310.00,310.00,159000
9-Dec-13,315.00,320.00,310.00,310.00,139000
6-Dec-13,310.00,320.00,310.00,310.00,245500
5-Dec-13,305.00,315.00,305.00,315.00,12500
4-Dec-13,300.00,320.00,300.00,310.00,402500
3-Dec-13,295.00,295.00,295.00,295.00,1000
2-Dec-13,285.00,285.00,285.00,285.00,1500
29-Nov-13,305.00,320.00,285.00,315.00,697000
28-Nov-13,290.00,290.00,290.00,290.00,500
27-Nov-13,300.00,315.00,295.00,310.00,685500
26-Nov-13,285.00,325.00,285.00,315.00,2002500
25-Nov-13,290.00,320.00,290.00,320.00,264000
22-Nov-13,285.00,285.00,285.00,285.00,2500
21-Nov-13,285.00,285.00,285.00,285.00,0
20-Nov-13,280.00,280.00,280.00,280.00,0
19-Nov-13,280.00,280.00,280.00,280.00,0
18-Nov-13,285.00,285.00,285.00,285.00,0
15-Nov-13,300.00,320.00,300.00,320.00,55000
14-Nov-13,310.00,320.00,310.00,320.00,37500
13-Nov-13,285.00,315.00,285.00,315.00,8000
12-Nov-13,280.00,285.00,280.00,285.00,35000
11-Nov-13,280.00,280.00,280.00,280.00,0
8-Nov-13,285.00,300.00,285.00,300.00,1500
7-Nov-13,290.00,290.00,290.00,290.00,0
6-Nov-13,285.00,320.00,285.00,320.00,51500
4-Nov-13,280.00,305.00,280.00,285.00,16500
1-Nov-13,290.00,290.00,290.00,290.00,0
31-Oct-13,315.00,320.00,315.00,320.00,15500
30-Oct-13,285.00,285.00,285.00,285.00,0
29-Oct-13,285.00,285.00,285.00,285.00,0
28-Oct-13,275.00,310.00,275.00,310.00,2500
25-Oct-13,280.00,280.00,280.00,280.00,0
24-Oct-13,285.00,285.00,285.00,285.00,0
23-Oct-13,285.00,285.00,285.00,285.00,0
22-Oct-13,285.00,285.00,285.00,285.00,0
21-Oct-13,290.00,290.00,290.00,290.00,1000
18-Oct-13,315.00,315.00,280.00,305.00,1500
17-Oct-13,285.00,285.00,285.00,285.00,0
16-Oct-13,280.00,305.00,280.00,305.00,1500
11-Oct-13,285.00,325.00,285.00,320.00,150500
10-Oct-13,280.00,320.00,280.00,320.00,60500
9-Oct-13,265.00,320.00,265.00,315.00,65500
8-Oct-13,270.00,270.00,270.00,270.00,0
7-Oct-13,280.00,280.00,280.00,280.00,2500
4-Oct-13,280.00,310.00,280.00,310.00,4500
3-Oct-13,285.00,285.00,285.00,285.00,0
2-Oct-13,280.00,310.00,280.00,295.00,7000
1-Oct-13,280.00,280.00,280.00,280.00,0
30-Sep-13,320.00,320.00,320.00,320.00,50000
27-Sep-13,280.00,280.00,280.00,280.00,0
26-Sep-13,280.00,280.00,280.00,280.00,500
25-Sep-13,280.00,305.00,280.00,305.00,5000
24-Sep-13,295.00,295.00,280.00,295.00,2500
23-Sep-13,280.00,280.00,280.00,280.00,0
20-Sep-13,290.00,295.00,280.00,280.00,48000
19-Sep-13,285.00,300.00,285.00,290.00,94500
18-Sep-13,285.00,285.00,285.00,285.00,0
17-Sep-13,285.00,285.00,285.00,285.00,0
16-Sep-13,285.00,315.00,285.00,315.00,369500
13-Sep-13,285.00,285.00,285.00,285.00,500
12-Sep-13,285.00,285.00,285.00,285.00,2000
11-Sep-13,290.00,290.00,290.00,290.00,0
10-Sep-13,290.00,315.00,290.00,315.00,143000
9-Sep-13,290.00,320.00,290.00,320.00,35500
6-Sep-13,290.00,305.00,290.00,290.00,6000
5-Sep-13,285.00,310.00,285.00,310.00,12500
4-Sep-13,315.00,315.00,275.00,310.00,207000
3-Sep-13,280.00,280.00,280.00,280.00,500
2-Sep-13,290.00,310.00,290.00,310.00,11000
30-Aug-13,310.00,315.00,310.00,315.00,11500
29-Aug-13,290.00,315.00,280.00,315.00,3000
28-Aug-13,315.00,315.00,315.00,315.00,55000
27-Aug-13,290.00,315.00,255.00,315.00,79000
26-Aug-13,290.00,290.00,290.00,290.00,0
23-Aug-13,290.00,315.00,290.00,315.00,12500
22-Aug-13,300.00,300.00,300.00,300.00,0
21-Aug-13,275.00,320.00,275.00,320.00,95500
20-Aug-13,300.00,315.00,250.00,310.00,10500
19-Aug-13,300.00,300.00,300.00,300.00,0
16-Aug-13,260.00,320.00,240.00,320.00,117500
15-Aug-13,310.00,320.00,310.00,320.00,179500
14-Aug-13,320.00,320.00,320.00,320.00,625000
13-Aug-13,320.00,320.00,320.00,320.00,25000
12-Aug-13,310.00,320.00,310.00,320.00,89500
2-Aug-13,315.00,320.00,315.00,320.00,107000
1-Aug-13,315.00,320.00,315.00,320.00,950500
31-Jul-13,315.00,320.00,315.00,320.00,300000
30-Jul-13,315.00,320.00,315.00,320.00,207000
29-Jul-13,315.00,320.00,315.00,320.00,158500
26-Jul-13,320.00,320.00,315.00,320.00,129000
25-Jul-13,320.00,325.00,320.00,325.00,1702500
24-Jul-13,320.00,325.00,320.00,325.00,250000
23-Jul-13,320.00,325.00,320.00,325.00,352000
22-Jul-13,320.00,325.00,320.00,325.00,771000
19-Jul-13,325.00,325.00,320.00,325.00,1396000
18-Jul-13,300.00,325.00,300.00,325.00,245500
17-Jul-13,325.00,325.00,320.00,325.00,1047000
16-Jul-13,320.00,325.00,315.00,325.00,1855500
15-Jul-13,320.00,320.00,310.00,310.00,102500
12-Jul-13,320.00,325.00,315.00,325.00,2782000
11-Jul-13,350.00,350.00,305.00,325.00,21663500
